{"children_left": [1, 2, -1, 4, 5, 6, 7, 8, -1, 10, -1, 12, -1, -1, 15, 16, -1, -1, 19, 20, 21, -1, -1, -1, 25, -1, -1, -1, -1, -1, -1], "children_right": [30, 3, -1, 29, 28, 27, 14, 9, -1, 11, -1, 13, -1, -1, 18, 17, -1, -1, 24, 23, 22, -1, -1, -1, 26, -1, -1, -1, -1, -1, -1], "threshold": [53.410457611083984, -1.2371864914894104, -2.0, 18.519084453582764, 0.130609430372715, -0.004882812034338713, 0.12586510181427002, -2.0534350872039795, -2.0, -1.2232385575771332, -2.0, 11.080152988433838, -2.0, -2.0, 0.4622802734375, -2.1775920391082764, -2.0, -2.0, 0.40267176926136017, 7.129770994186401, 4.351145148277283, -2.0, -2.0, -2.0, 0.02448576595634222, -2.0, -2.0, -2.0, -2.0, -2.0, -2.0], "feature": [10, 29, -2, 45, 25, 22, 24, 42, -2, 5, -2, 44, -2, -2, 15, 31, -2, -2, 49, 44, 43, -2, -2, -2, 18, -2, -2, -2, -2, -2, -2], "classes": [1, 2, 3, 4, 5], "value": [[169.0, 202.0, 242.0, 160.0, 524.0], [169.0, 202.0, 242.0, 160.0, 0.0], [0.0, 199.0, 0.0, 0.0, 0.0], [169.0, 3.0, 242.0, 160.0, 0.0], [169.0, 3.0, 43.0, 160.0, 0.0], [169.0, 3.0, 43.0, 31.0, 0.0], [169.0, 3.0, 43.0, 0.0, 0.0], [15.0, 3.0, 33.0, 0.0, 0.0], [13.0, 0.0, 0.0, 0.0, 0.0], [2.0, 3.0, 33.0, 0.0, 0.0], [0.0, 3.0, 0.0, 0.0, 0.0], [2.0, 0.0, 33.0, 0.0, 0.0], [0.0, 0.0, 33.0, 0.0, 0.0], [2.0, 0.0, 0.0, 0.0, 0.0], [154.0, 0.0, 10.0, 0.0, 0.0], [1.0, 0.0, 4.0, 0.0, 0.0], [1.0, 0.0, 0.0, 0.0, 0.0], [0.0, 0.0, 4.0, 0.0, 0.0], [153.0, 0.0, 6.0, 0.0, 0.0], [151.0, 0.0, 2.0, 0.0, 0.0], [3.0, 0.0, 2.0, 0.0, 0.0], [3.0, 0.0, 0.0, 0.0, 0.0], [0.0, 0.0, 2.0, 0.0, 0.0], [148.0, 0.0, 0.0, 0.0, 0.0], [2.0, 0.0, 4.0, 0.0, 0.0], [0.0, 0.0, 4.0, 0.0, 0.0], [2.0, 0.0, 0.0, 0.0, 0.0], [0.0, 0.0, 0.0, 31.0, 0.0], [0.0, 0.0, 0.0, 129.0, 0.0], [0.0, 0.0, 199.0, 0.0, 0.0], [0.0, 0.0, 0.0, 0.0, 524.0]]}